cluster_id,cluster_label,id,title,description,sim,margin,videoCount
"aviation-and-flight::military-drone","Military Drone","UCovVc-qqwYp8oqwO3Sdzx7w","74 Gear","74 Gear / Pilot Kelsey Boeing 747 Pilot  All About Aviation   Join the 74 Crew on Instagram / Twitter:  @74Gear",0.1527235582925274,0.1527235582925274,315
"aviation-and-flight::military-drone","Military Drone","UC1s_8hYVql2DuDmwuBt9yJA","Aus Flight Simmer","Welcome to the Aus Flight Simmer channel - This channel is for the everyday flight simmer. This is where we fly, create & inform and entertain. Weekly content includes: Microsoft Flight Simulator News videos, (yes every week) Stream Wendesday and Saturdays and flight sim reviews from hardware, aircraft to your local aiport.",0.3605682575039566,0.3530261327720476,1267
"aviation-and-flight::military-drone","Military Drone","UCgMQxnLWLE8YSLFnH9SHmHQ","Blaze Grubbs","Welcome to my YouTube Channel!   I am a 21-year-old multi-engine commercial pilot with an IRA from the Northern California Area. I have experience flying the SF50, PC12, SR22T, DA42 and CJ1.   My goal with this channel is to help promote general aviation all while hopefully helping others on the way. I am not flight instructor but for me...watching people fly helped me with my flight training!   Welcome aboard and thanks for watching.",0.23608258054871964,0.2029458613554477,50
"aviation-and-flight::military-drone","Military Drone","UC_PYpOA0xGq2-24E3RWyOyw","Drone Canada","Welcome to Drone club Canada, ‚ÄúWe‚Äôre obsessed with Drones‚Äù Please Subscribe Drone Canada channel. All the newest Drone news will be here. Drone filming is the most popular thing right now. Also aerial mapping, drone search, and rescue. 41 % of law enforcement and fire-fighting fleets fly drones. The drone is also very useful for inspections. So; We are going to make some other videos for you. For example; How to fly a drone? How to do the film by drone? With the latest Drone technology uses. Drone safety. Drone photography so on. Basically, we are trying to make the drone community grow in a safe and secure way.  And please don`t forget to subscribe to our channel.  Thanks. FLY SAFE! Enjoy your sky.",0.232987478930273,0.21614184610001436,109
"aviation-and-flight::military-drone","Military Drone","UCgJ5K7wWoFlnYC3e8eIxYrA","Drone U","Lower your learning curve and take flight with competence and confidence. From Part 107 instruction to methods of turning your toy (drone) into a tool, Drone U has the largest library of online drone courses.  If you're ready to take flight above and beyond the competition, you can only learn from experienced pilots.  With over a decade of experience, learn to take flight confidently at Drone U.",0.3386361829346711,0.29842571450669064,1428
"aviation-and-flight::military-drone","Military Drone","UCwpHKudUkP5tNgmMdexB3ow","Mentour Pilot","Welcome aboard, on my channel I will give you my point of view from inside the airline industry! Everything from descriptions of Aviation accidents and Incidents to procedures and hints about how to access the industry will be covered.  Feel free to suggest content!  Enjoy!",0.17151273626451138,0.1185452418438441,706
"aviation-and-flight::military-drone","Military Drone","UCh35n5aqG8fF2tXXEtDd0EQ","Military News","",0.21121353170350252,0.14746199645467026,217
"aviation-and-flight::military-drone","Military Drone","UCuqdsYT5rFqw0L5oO_HwvgA","WarLeaks - Military Blog","WarLeaks - Military Blog is an independent, educational and documentary military channel for military enthusiasts from all around the world!    Devoted to armed forces and military technologies this military archive brings you military videos on a regular basis!  Join one of the biggest military channels on YouTube make sure to subscribe to keep being updated and to view first hand military videos about armed forces, weapon systems, technologies and more!   This channel is in no way affiliated with the US Military, Government, or DoD.",0.1941508795556872,0.17038358232740677,647
"gaming::other-gaming","Other (Gaming)","UCd0Yn5SKGaujdXCwk2TwmoA","360 Vroomers","360 Vroomers is for those who love to shoot FAST and FUN action sports!  I am an enthusiast of various action sports: skiing, inline skates, ice skates, casterboards (ripstik), skatecycle, orbit wheels, freeline skates, onewheel, electric unicycle, electric skateboards, freebord, summerboard, and more.  I've been a photographer since 2007, a photography blogger since 2009.  I use 360 cameras and other action cams.    I have been writing about 360 cameras and VR since February 2016 on 360rumors.com, with over 3000 articles as of July 2023. In 2016, I was the first to blog about a little company called Insta360 no one knew about üôÇ. In April 2020, I was the first to show the invisible flying camera effect.",0.0860633270762151,0.06411899242993128,363
"gaming::other-gaming","Other (Gaming)","UCWWq67D7TofEPq_eBiaYCWw","Learn Online Video","Helping you Master The Art of Online Video Production.  Watch easy to understand tutorials,  learn epic camera tricks & improve your editing skills.",0.09330519208786772,0.0553320460157906,174
"gaming::other-gaming","Other (Gaming)","UCqZQlzSHbVJrwrn5XvzrzcA","NBC Sports","NBC Sports Group serves sports fans 24/7 with premier live events, insightful studio shows, and compelling original programming. NBC Sports is an established leader in the sports media landscape with an unparalleled collection of sports properties that include the Olympics, NFL, Premier League, Big Ten, NASCAR, PGA TOUR, the Kentucky Derby, Tour de France and many more. Subscribe to our channel for the latest sporting news and highlights!  Visit NBC Sports: https://www.nbcsports.com Find NBC Sports on Facebook: https://www.facebook.com/NBCSports Follow NBC Sports on Twitter: https://twitter.com/nbcsports Follow NBC Sports on Instagram: https://www.instagram.com/nbcsports/",0.15667276907815125,0.09878616366326398,42060
"arts-and-design::general","General","UCv7ayuEI595kZglwebEWWWw","Adam Taylor // Architecture Photography Resources","I am an interior and architecture photographer based in Oahu, Hawaii. I am also a photography educator with online workshops, courses, and downloads available to help others in their journey. This channel is currently used to host educational resources for interior, architecture, and real estate photographers.",0.16003425468852153,0.08609362188721836,151
"arts-and-design::general","General","UCED3hlYdD0SlCff7jJ8tF3Q","AI Samson","I help you to adapt, create, and thrive in the era of AI.  AI is transforming the way we create, work, and live. On this channel, I‚Äôll guide you through the fast-moving world of AI, helping you explore its creative potential, understand its impact on design and entrepreneurship, and embrace its possibilities without fear. Together, we‚Äôll uncover how to use AI to unlock new opportunities, push boundaries, and shape the future.  We explore the world of AI and its impact on design, entrepreneurship, and beyond! I'm Samson, a designer and AI enthusiast on a mission to uncover the most innovative AI tools and techniques that are revolutionizing the design industry. Join our growing community of AI and design enthusiasts by hitting the subscribe button and never miss an update on the latest AI tools, trends, and insights! üîî #ai #midjourney #aiart #stablediffusion #chatgpt #ai #aidesign #aivideo   Contact   aisamsoninfo@gmail.com  For business enquiries   NT2sNsNv",0.1659809793975825,0.06840044805509242,786
"arts-and-design::general","General","UCzUyasGg5A03r3zPkorqIBQ","Learn Color Grading","Free Resolve 16 crash course!  Learn the basics of each and every tab/page in Resolve (Media, Cut, Edit, Fusion, Color Fairlight & Deliver).  Sign up here: https://filmsimplified.com/p/davinci-resolve-crash-course",0.1451395756075442,0.10416319831317845,177
"arts-and-design::general","General","UCmRE4gvdeDkwf1oJrsabWWQ","MAKE. ART. NOW.","Follow your dreams with calculated abandon.    WHAT'S IN MY CAMERA KIT?  https://makeartnow.com/mykit  IG  https://www.instagram.com/make.art.now https://twitter.com/makeartlater https://www.MAKEARTNOW.COM",0.09336154319250531,0.06064862345743875,113
"arts-and-design::general","General","UC50lv4EYY1N1_-B495meX8w","SketchUp","SketchUp users are architects, designers, builders, makers and engineers. They are the people who shape the physical world. They are important, and they deserve great tools because great tools produce great work.  At SketchUp, we do our best to make great tools for drawing. For our users, drawing is thinking. They draw to explore ideas, to figure things out, to show other people what they mean. They draw because they love it, and because nothing great was ever built that didn't start with a great drawing.",0.09686096279937798,0.05635303678585043,2219
"arts-and-design::general","General","UC_lGMZMTN7Oh9DRKV2eaMtg","SPACE DESIGN WAREHOUSE","For Business/Sponsorship inquiries - Email me spacedesignwarehouse@gmail.com  Apple Computer Reviews, tech reviews, home networking and some DIY and upgrades/installs.. Also physics and occasional experiments and a bit of edutainment for interesting historical general concepts.  I closely follow the LiDAR sector and specifically a company called Microvision.    My name is Nicholas Johnson.     My formal education is in mechanical engineering and math - but I am a photographer @nicholas_james_johnson instagram and I work in the art world designing and installing truss and lighting plans for art fairs around the United States.     I love computers, and make videos about Apple Silicon, Raspberry Pi 5 and I build PC's.",0.12160992945079631,0.03833776725913546,247
"weather-and-climate::weather-severestudios","Weather Severestudios","UC1KmNKYC1l0stjctkGswl6g","After Skool","We cannot change the world. But we can change ourselves...and that will change the world. The goal of this channel is to empower the individual and deliver profound ideas through art.  Everyone is welcome to contribute. If you have a good idea for an animation please send them to Mark at AfterSkool100@gmail.com",0.1586206593929049,0.1336580422490553,233
"weather-and-climate::weather-severestudios","Weather Severestudios","UC1nJElGcVcTpeZJVyxEbzJw","Live Storms Media","The Live Storms Media Company sells video of the best storm footage in the United States.  Our video can be seen on large networks as well as local affiliates.  CNN, TWC, FOX, ABC, Bloomberg, and USA Today have all featured pieces from us.  Follow our channel for the latest in extreme weather footage!  Email all licensing requests to Brett@livestormsmedia.com",0.08096889868015424,0.043161443759859974,23436
"weather-and-climate::weather-severestudios","Weather Severestudios","UCSxR0IZEq1WhTJqAnQGyk4g","Pacific Northwest Weather Watch","Everything Pacific Northwest Weather!  Daily Updates Live Streams Educational Videos",0.12405172046810298,0.12405172046810298,1981
"weather-and-climate::weather-severestudios","Weather Severestudios","UCV6hWxB0-u_IX7e-h4fEBAw","Reed Timmer","Hi, I‚Äôm extreme meteorologist and storm chaser, Reed Timmer, known for embedding myself into some of the most severe weather storms and scenarios imaginable, so that I can research, report and warn others before natural disasters strike.  While most prefer to avoid the bad news that comes with bad weather, I charge towards it; intercepting tornadoes and hurricanes with my armored vehicle, the SRV Dominator, and launching trackable meteorological sensors into their strongest winds. My team has deployed probes into tornadoes using drones, small aircraft, and even rockets, gathering measurements never-before-recorded on earth. Documenting all things related to atmospheric science is my passion.  I‚Äôve been featured on the Discovery Channel, National Geographic, Netflix, The Weather Channel, Disney, PBS, AccuWeather and more! I‚Äôve been featured on Jay Leno‚Äôs Garage, and worked with the legendary Richard Hammond, from Top Gear & Grand Tour. It‚Äôs insane where my weather career has taken me.",0.14067779360630006,0.08767956264150817,2886
"weather-and-climate::weather-severestudios","Weather Severestudios","UCJHAT3Uvv-g3I8H3GhHWV7w","Ryan Hall, Y'all","Digital Meteorologist | Severe Weather Broadcaster | The Internet's Weather Man |",0.1967702676532725,0.1967702676532725,713
"weather-and-climate::weather-severestudios","Weather Severestudios","UCBtR7ynKM9odz-PW_7uyzDw","SevereStudios","SevereStudios features severe weather information, news, videos, radar, GPS tracking, and live streams from storm chasers all over the world at http://www.severestudios.com",0.20634668843725607,0.19153653798102316,287
"science-and-technology::artificial-intelligence","Artificial Intelligence","UC5l7RouTQ60oUjLjt1Nh-UQ","AI Revolution","The ultimate AI media channel for the greatest advancements in artificial intelligence, where we break down complex concepts into digestible content.  üì© Brand Deals & Partnerships: me@faiz.mov ‚úâÔ∏è General Inquiries: airevolutionofficial@gmail.com",0.08879834944160721,0.06992146549335908,647
"science-and-technology::artificial-intelligence","Artificial Intelligence","UCMLtBahI5DMrt0NPvDSoIRQ","Machine Learning Street Talk","MLST is the top technical AI podcast on Spotify. Subscribe now! Welcome! We bring you the latest in advanced AI research, from the best AI experts in the world. Our approach is unrivalled in terms of scope and rigour ‚Äì we believe in diversity of ideas (which is to say, not just LLMs!) and we also cover other promising alternative paths to AGI, as well as CogSci, CompSci, Neuro, Mathematics, Philosophy of Mind and Language.    Support us on Patreon for early access, exclusive content, private Discord, biweekly calls and much more!  https://www.patreon.com/mlst   Donate here: https://www.paypal.com/donate/?hosted_button_id=K2TYRVPBGXVNA  Please email us to learn about sponsorship packages and deals.  tim at mlst.ai (please put your budget in the subject line)  Podcast booking agencies - don't contact us under any circumstances, it's insulting to us (asking for ""earned interviews"" when you get paid top dollar to send automated GPT-invitations). We will also blacklist your clients.",0.09178962757843845,0.01755206105041221,301
"science-and-technology::artificial-intelligence","Artificial Intelligence","UCawZsQWqfGSbCI5yjkdVkTA","Matthew Berman","Artificial Intelligence (AI), Open Source, Generative Art, AI Art, Futurism, ChatGPT, Large Language Models (LLM), Machine Learning, Technology, Coding, Tutorials, AI News, and more",0.1750254213605933,0.11888576852489144,742
"science-and-technology::artificial-intelligence","Artificial Intelligence","UC8JT2m0mKEgvEtie3JNKwew","Naked Science","Learn and discover with Naked Science, the channel dedicated to bringing you the world of science and technology.  Explore unseen wonders and mysteries, from the edge of the universe to the possibility of alien life, travel through the insides of the human body to the centre of the earth.  So join us to see the truth laid bare...",0.09364312893921097,0.03291316623772965,682
"science-and-technology::artificial-intelligence","Artificial Intelligence","UCMOqf8ab-42UUQIdVoKwjlQ","Practical Engineering","Practical Engineering is all about infrastructure and the human-made world around us. It is hosted, written, and produced by civil engineer, Grady Hillhouse. We have new videos posted every first and third Tuesday, so please subscribe for updates.  Practical Engineering: Deciphering Our Constructed World  CONTACT --------------------------------------------- Questions/Topic Suggestions: https://practical.engineering/about Sponsorship/Business Inquiries: See below",0.09548005077906987,0.09041253828176235,226
"science-and-technology::artificial-intelligence","Artificial Intelligence","UCKelCK4ZaO6HeEI1KQjqzWA","The AI Daily Brief: Artificial Intelligence News","Daily videos that help you understand the most important news and discussions in AI.   Listen to the AI Daily Brief as a podcast here: https://pod.link/1680633614 Subscribe to the newsletter: https://aidailybrief.beehiiv.com/  Learn AI with fun, fast, useful tutorials at https://besuper.ai/",0.14162659397314925,0.10471731559577796,1172
"science-and-technology::artificial-intelligence","Artificial Intelligence","UC7kCeZ53sli_9XwuQeFxLqw","Ticker Symbol: YOU","Investing in innovation starts with understanding it.  My name is Alex. Before becoming a full-time investor, I spent 8 years as a rocket scientist at MIT Lincoln Laboratory. I hold a BE in Electrical Engineering, an ME in Systems Engineering & Optimization, and an unfinished PhD in Image Processing & Computer Vision.   Now, I use my engineering background to research AI, semiconductors, and other advanced technologies, invest in them, and cover it all on this channel.",0.20154186542936792,0.17754780746586182,359
"science-and-technology::artificial-intelligence","Artificial Intelligence","UCRe2W-32N-_uStDULAEdyKA","Topaz Labs","Developer of image enhancement software based on proprietary technology. Visit http://www.topazlabs.com for more information about our technology, products, and company.",0.08041246187713842,0.05279143686688424,753
"science-and-technology::artificial-intelligence","Artificial Intelligence","UCqcbQf6yw5KzRoDDcZ_wBSw","Wes Roth","Artificial Intelligence, AI, Machine Learning, Google DeepMind, OpenAI, ChatGPT, Anthropic, Tech, Coding, AI News, Large Language Models and... (most importantly)... optimism.   AGI rolls around only once. Let's make the best of it.  On this channel, my goal is to help everyone understand AI and it's implications better. To prepare for what's coming next.  The most important rule is ""Don't Panic"".  The second rule is keep learning.  Thank you for joining me for this ride.  -Wes Roth  Want to work with me? Brand, sponsorship & business inquiries: wesroth@smoothmedia.co",0.10944019729735709,0.07759781192373807,658
"science-and-technology::artificial-intelligence","Artificial Intelligence","UCX6c6hTIqcphjMsXbeanJ1g","Prompt Engineer","Join the AI, AGI, ASI Revolution !  Stay updated with all the latest advancements in the world of Artificial Intelligence. This channel is your ultimate destination for the most recent developments and insights, all at your fingertips.  Join us to keep a vigilant eye on the cutting-edge of technology and be part of the AI revolution!  Topics: Latest Trends on AI, LLMs, OpenAI, Anthroic, Google, Coding, Python, AutoGen, MemGPT, AutoGPT, API Integration, RunPoDs, Devika, Salad GPU, Microsoft Azure and much more.",0.19039436922691022,0.1440089617148374,378
"comedy-and-entertainment::comedy-show","Comedy Show","UCDBrVr0ttWpoRY-_yZajp2Q","alyankovic","Comedy / Parody / Satire",0.3560234026697409,0.3560234026697409,146
"comedy-and-entertainment::comedy-show","Comedy Show","UCDUhp92NhqVc0K3jSmWhgvA","Comedy Dynamics","Comedy Dynamics, a Nacelle company, is the largest independent stand-up comedy production and distribution company. Its independent archive, the largest in existence, is available only on planet Earth.",0.23267418732628528,0.1694278085606294,4059
"comedy-and-entertainment::comedy-show","Comedy Show","UCf9BO33b-MnIxB5y0azrxmg","Jimmy Carr","Welcome to Jimmy Carr's official YouTube channel, where you can find all the best bits from his stand-up comedy shows, TV appearances, podcasts, and more!  Get tickets for Jimmy's Laughs Funny tour at https://www.jimmycarr.com/  Natural Born Killer -  Now Streaming: https://www.netflix.com/gb/title/81679673  Subscribe to this channel and turn on notifications to get notified whenever Jimmy uploads a new video. You won't regret it, unless you're easily offended.  Subscribe now: https://www.youtube.com/channel/UCf9BO33b-MnIxB5y0azrxmg/?sub_confirmation=1  #JimmyCarr #Comedy",0.12184874297655027,0.1022357161383769,2035
"comedy-and-entertainment::comedy-show","Comedy Show","UCqq3PZwp8Ob8_jN0esCunIw","Just For Laughs","JustForLaughs Comedy, the official YouTube Channel of the Just For Laughs Comedy Festival. What's Just For Laughs? Oh, just the biggest, funniest, most awesomest comedy festival in the whole world. No big deal. We specialize in brilliant, hilarious, original, smart, edgy stand-up, sketch, and improv.  Just For Laughs is the world‚Äôs premiere destination for stand-up comedy. Founded in 1983, JFL produces the world‚Äôs largest and most prestigious comedy event every July in Montreal, as well as annual festivals in Toronto and Sydney. On this channel, you will find comedic clips from some of the most legendary comedians in the business: Chris Rock, Bill Burr, Kevin Hart, John Mulaney, Bo Burnham, Amy Schumer and many many more. If you just want to laugh, you‚Äôre in the right place.  ----------------------------------------------------  http://www.hahaha.com http://facebook.com/justforlaughs http://twitter.com/justforlaughs",0.24515360527709826,0.20690981848821433,2281
"comedy-and-entertainment::comedy-show","Comedy Show","UCM05jgFNwoeXvWfO9GuExzA","Luke Beasley","The Luke Beasley Show is a political humor and commentary program! Videos posted daily.   Want to support what we do and gain access to the daily Main Show + Bonus Show? Become a member by clicking the join button!",0.08313728242759225,0.04371421613812143,5069
"comedy-and-entertainment::comedy-show","Comedy Show","UCry6nxAo2tfVyO6lEboiU3w","The Carol Burnett Show Official","Cited as one of the best TV shows of all time by TV Guide, Entertainment Weekly, TIME, Rolling Stone, and others, ‚ÄúThe Carol Burnett Show‚Äù is among the originators of the sketch comedy format. All 11 seasons of one of the most acclaimed and influential TV series of all-time, and the winner of 25 Emmy¬Æ Awards, ‚ÄúThe Carol Burnett Show,‚Äù is available for viewing on Shout-TV.com; Shout! Factory TV‚Äôs Roku, Amazon Fire, Apple TV, and Android apps; and the following digital streaming platforms: Twitch, Samsung TV Plus, Comcast Xfinity, Xumo, YouTube, Redbox, Vizio, Pluto TV, IMDb, and STIRR.    Watch it all here: www.TheCarolBurnettShow.tv  Watch more On Demand on Shout! TV: www.shout-tv.com/series/the-carxol-burnett-show",0.10364821921035179,0.02646760127078765,949
"comedy-and-entertainment::comedy-show","Comedy Show","UCwWhs_6x42TyRM4Wstoq8HA","The Daily Show","Jon Stewart and The Best F**king News Team host The Daily Show, an Emmy and Peabody Award-winning program analyzing the biggest stories in news, politics, and culture through a sharp, satirical lens.  The Daily Show airs weeknights at 11/10c on Comedy Central and is available to stream the next day on Paramount+",0.106836712048497,0.017724334781049067,7819
"comedy-and-entertainment::comedy-show","Comedy Show","UCvixJtaXuNdMPUGdOPcY8Ag","David Pakman Show","One of the most watched independent progressive programs in the country. Subscribe for daily new clips, interviews, debates, panels, and commentary. The daily video podcast goes live at 9pm Eastern time every weekday, and new clips are posted throughout the day.",0.15392930135302182,0.08446130707464196,40735
"podcasts-and-interviews::audio-radio","Audio Radio","UC34AYD6is66Xpv6HPRB0Miw","AM/PM Podcast","Welcome to the AM/PM Podcast Youtube Channel.   In every corner of the world, people are embracing entrepreneurism. There have never been more opportunities, tools, or methods for building a business that operates on auto-pilot, in the AM and the PM. Join host Tim Jordan as he chats with communities, risk takers and business veterans exploring their stories, journeys and insights.   Created to get current entrepreneurs, inspiring entrepreneurs or people who just love business, this podcast will dive into business models, financial strategies and income-generating tactics in e-commerce. Get motivated. Get inspired.",0.10450930101322478,0.05941126961974763,670
"podcasts-and-interviews::audio-radio","Audio Radio","UC8YXmNHJ-JS0dd7z4Z9ChXA","Harv Video/Audio Stuff","I make videos about video, gear, cameras, lenses, audio recording, guitars and other things that interest me.   Connect with me on Facebook http://bit.ly/2uiWqZD  Please no 'pay for views' emails - it's dishonest and you won't get a reply",0.09121168046577327,0.06618625413861809,468
"podcasts-and-interviews::audio-radio","Audio Radio","UCYEiWHoP2IHHgjOapTAYMQw","Mike Russell","I'm Mike Russell, from Music Radio Creative My mission is to provide you with the highest level of education in the field of audio and video. With years of experience as an Adobe Certified Expert, I will guide you through the process of creating exceptional audio and video content through efficient techniques and high-quality post processing.  My videos show you the must-know secrets for producing great-sounding audio, expert tips and tricks for using Adobe products, insights into audio plugins and alternative editors like Audacity, Pro Tools, Studio One and GarageBand. I'll also give recommendations for the ideal gear for any setting - home, studio, or on-the-go, and suggestions for building a top-notch home recording studio.  Don't miss out on the opportunity to elevate your audio game and stay ahead of the competition. Subscribe now and join me on this journey to creating exceptional content.",0.1176739150269439,0.05644183626135371,1926
"podcasts-and-interviews::audio-radio","Audio Radio","UCFhMWAVkp-3T2YnwdwH0TXQ","SVS","SVS is a Youngstown, Ohio-based home audio brand built on engineering excellence and a passion for uncompromising sound quality, Our subwoofers, speakers and accessories refute the notion that high performance audio needs to be outrageously expensive.   Our Youtube channel Includes product videos, advice on home theater/audio system set-up, behind-the-scenes action and general audio fun.  SVS. Join the Sound R|Evolution. www.svsound.com.",0.08091544223927197,0.03929775305278334,245
"podcasts-and-interviews::audio-radio","Audio Radio","UCTjDhFuGXlhx9Us0gq0VK2w","Times Radio","Subscribe today, to stay informed.",0.18857557620369156,0.18857557620369156,17805
"podcasts-and-interviews::audio-radio","Audio Radio","UCHIRBiAd-PtmNxAcLnGfwog","B&H Photo Video Pro Audio","We love what we do. We are both professional and avid photographers, filmmakers, and audio professionals. We enjoy getting out to explore the world as creators and teachers. On our channel, you‚Äôll see videos, podcasts, and tutorials showing this passion for craft, as well as other artists that love what they do as much as we do.   Want to see more of something you love doing, or want to do better? Drop us a line at askbh@bhphoto.com  Head to our B&H Event Space YouTube channel for more seminars! https://bhpho.to/BHEventSpaceYT",0.21883516248042423,0.1375445399507973,5272
"music-and-musicians::music-jazz","Music Jazz","UC-smeLB9AnOTeypr1YyjJ3A","ARTE Concert","",0.1568802820201739,0.1568802820201739,1453
"music-and-musicians::music-jazz","Music Jazz","UCC4vs_6IdURyXrwYa74k-jw","Blues Lounge","Blues Lounge channel is official music channel for a band performing under one alias - Brian Grey. The band first formed in late 2019 consisting of little known musicians and had major success releasing jazz albums for online steaming platforms, as an independent artist. In early 2021, the band had a guitar player joining them, allowing to further expand into different genres, creating Blues Lounge - Brian Grey. Blues genre being a natural next project, having similar historical heritage to jazz. As of beginning of 2022 the band has released 6 full length albums and 1 EP.  Blues Lounge is always striving to stay modern with their style of play, best described as a fusion between instrumental blues, jazz and rock music.",0.10984664215812258,0.07241603145157946,371
"music-and-musicians::music-jazz","Music Jazz","UCoUM-UJ7rirJYP8CQ0EIaHA","Bruno Mars","The official YouTube channel of Bruno Mars.   Subscribe for the latest official music videos, live performances, official audio, and more: https://Atlantic.lnk.to/BMsubscribe   15x GRAMMY Award winner and 27x GRAMMY Award nominee Bruno Mars is a celebrated singer, songwriter, producer, and musician with iconic hits like ""The Lazy Song"", ""That's What I Like"", ""Just The Way You Are"", ""24K Magic"", ""Locked Out Of Heaven"", and ""When I Was Your Man"". His legendary body of work also includes blockbuster albums such as Doo-Wops & Hooligans, Unorthodox Jukebox, and 24K Magic, as well as era-defining collaborations like ""Uptown Funk"" with Mark Ronson, ""Finesse"" with Cardi B, and ""Nothin' On You"" with B.o.B. Forever classic, yet supremely innovative, Bruno continues to redefine music, style, and popular culture, pushing the boundaries of pop, R&B, funk, soul, hip-hop, and dance, and remains as influential as ever.",0.12533840921247133,0.08989225258632744,104
"music-and-musicians::music-jazz","Music Jazz","UC_hOdGU7CK_jfckv2C6kmFA","Chill Guitar Music","üé∏ Chill Guitar Music is your go-to destination for smooth jazz, chillhop, and jazzhop, featuring relaxing guitar solos by the talented Sebastien Zunino.  üé∂ Every track is crafted to bring you peaceful, feel-good vibes‚Äîperfect for studying, working, or simply unwinding after a long day. ‚ú®  Our music combines soothing guitar melodies with mellow beats to create the ultimate chill atmosphere. Whether you're looking for background music, something to relax to, or just want to vibe to smooth jazz guitar, this is the place for you! üåô  Expect:  üéß Jazzhop & chillhop beats with soulful guitar solos  üéµ Smooth jazz guitar improvisations  üåø Calming, instrumental music to relax your mind  Subscribe and let the music elevate your mood! üé∂üí´ #smoothjazz #Chillhop #JazzGuitar #RelaxingMusic  All the music & the hard work from this channel are dedicated to Lilou DelaLune.",0.1473925302263902,0.11555569358595819,75
"music-and-musicians::music-jazz","Music Jazz","UCKvKjZ3l9azWz4F49q2R3tQ","Coffee Relaxing Jazz","All music in this video and on this channel is original music by Coffee Relaxing Jazz.",0.09681203016061168,0.08780238396706837,130
"music-and-musicians::music-jazz","Music Jazz","UCtkcJMyK1F46NJ5WjX7hBSw","Dead Wax","Musicians nerding out to great music. Hosts Jack Conte (Scary Pockets, Pomplamoose, CEO of Patreon) and Ryan Lerman (Scary Pockets, John Legend, Ben Folds) are joined by musician friends to help break down whats going on in their favorite music. They dish about production, harmony, composition, theory, vocal performance and everything in between. New episodes every week!",0.14470259823083956,0.051408962888137205,142
"music-and-musicians::music-jazz","Music Jazz","UCrBId04l9CaruJsQ5Q8y9lA","Kanade Sato","Born in Saitama Prefecture, 2002.   Familiar with Jazz fusion and Pop music from an early age.   She self-taught the melody of ""Spain (Chick Corea)"", before speaking words . She started playing drums at 3 years old, and decided to become a professional drummer at 5 years old.   2009 (6 year old) ¬∑ Co-starring with Mr. Minoru Mukaiya (ex. Casiopea). and regular co-starring afterwards.   2012 (9 year old) ¬∑ Starred in promotional events and videos of Roland V-Drums.   2013 (10 year old) ¬∑ Participated in the recording of Mr. Minoru Mukaiya.   2014 (11 year old) ¬∑ Won the ""Grand Prix"" in global competition of women drummer ""HIT LIKE A GIRL"" U-18.    2016 (13 year old) ¬∑ Appeared in Singapore Drum Fest 2016. ‚Äã 2017 (14 year old) ¬∑ TV program NHK E-Tele ""Musika Piccolino  (Season 5)"" appeared as ""Lunetta"".  ¬∑ Endorsement contract with Pearl Drums.  ¬∑ Formed ""Ear Candy Jazz Factory"" with Rei Narita (Pf) and Naoko Sakurai (Bs). Held a debut live in Jakarta.",0.09210768758799942,0.07102249948103945,137
"music-and-musicians::music-jazz","Music Jazz","UCXZDUSJ0XU4KxhI00R_yCXQ","Lari Basilio","Musician. Guitar Player. www.laribasilio.com",0.0823628361165696,0.020314278509390216,258
"music-and-musicians::music-jazz","Music Jazz","UCKrWgJg6GU9OwC-5fSqfB1g","Martin Miller","I‚Äòm Martin Miller, a musician from Leipzig, Germany, born in 1985. I‚Äòve been a professional musician my entire adult life. In 2010 I graduated from Carl-Maria-von-Weber Music College in Dresden as a guitar player and music educator. I‚Äòve also been teaching the guitar bachelor's and master's courses myself there from 2015 to 2020.  Over the past decade, I‚Äòve made a name for myself as a guitar player (toured dozens of countries worldwide, played on tons of records), Youtuber (580.000+ YT subscribers, 100+ million views) and author (best-selling online courses on JTC Guitar). This has led to the creation of two worldwide distributed and highly succesful Martin Miller signature guitars with Ibanez ‚Äì the MM1 and MM7.  I‚Äòm also the band leader of the Martin Miller Session Band, a Youtube cover project that comes together a few times a year to record together. We collaborated with artists such as Paul Gilbert, Andy Timmons, Mark Lettieri (Snarky Puppy) and many more.",0.1004403860177301,0.062486171908840475,245
"music-and-musicians::music-jazz","Music Jazz","UCCD_GyqAJ2w5UpH9R4yIEjw","Reinhardt Buhr","Multi-Instrumentalist Reinhardt Buhr has composed 16 albums. At the end of 2019, his work went viral through social media, averaging over 4 million views per month, and the numbers continue to rise. Reinhardt combines the Guitar, Electric Cello, Australian didgeridoo, Israeli Shofar, Spanish Cajon, and Piano to create an extraordinarily symphonic orchestra in only a one-man improvisational band. He will soon add a laser harp via a live looping pedal to his amazing repertoire.  Creating spontaneous music via a live looping pedal and combining multiple instruments like the Electric Cello, Israeli Shofar, Guitar, Didgeridoo, Percussion and many more for the glory of our God Christ Jesus.  Check out my website to download my music https://reinhardtbuhr.com",0.09309498569028705,0.08534861720217217,231
"music-and-musicians::music-jazz","Music Jazz","UC5UbM7c9BhNBto3_zDcdr4w","RMNS Channel","ABOUT US: Hi! We are RMNS Channel where every day our music is encoded and upload at its best. Most of them are encoded with lossless sound quality. Vinyl / CDs from more than thirty years' collection.   We upload every day at 20:00 hours (GMT+7:00). Monday: Jazz Instrumental Music Tuesday: Jazz Instrumental Music Wednesday: Jazz Instrumental Music Thursday: Jazz Instrumental Music Friday: Vocal Jazz Music Saturday: Classical Music Sunday: Classical Music  INSTAGRAM: https://www.instagram.com/rmns_channel/ FACEBOOK: https://www.youtube.com/rmnschannel EMAIL: yuthana.kaklong@gmail.com",0.16565796942794536,0.16565796942794536,5
"music-and-musicians::music-jazz","Music Jazz","UCpVqUbp1Q3LPlOg4DG6F6pQ","Ronny Jordan - Topic","Robert Laurence Albert Simpson, known professionally as Ronny Jordan was a British guitarist and part of the acid jazz movement at the end of the twentieth century. Jordan described his music as ""urban jazz"", a blend of jazz, hip-hop, and R&B.",0.12135427504717947,0.12135427504717947,134
"music-and-musicians::music-jazz","Music Jazz","UCGn3-2LtsXHgtBIdl2Loozw","sina-drums","I love making music, playing drums and working together with other musicians. On this channel, you will find drum covers, original collaborations with musicians from all over the world as well as original music released under the name 'Chi Might Project'.   This channel is not about being the fastest drummer on the planet but it's all about supporting one another. Music is supposed to bring people together, not divide them. I would like to thank everyone who supported this channel so far. I will do my best to use my channel to the benefit of my collaborators, too.",0.09981200734814263,0.07718529862605857,631
"music-and-musicians::music-jazz","Music Jazz","UCN-JravNOcJu1KBAeuecQ0Q","Tal Wilkenfeld","Tal Wilkenfeld‚Äôs album 'Love Remains,‚Äô which debuted at number 1 on the Billboard Heatseekers chart is a testament to the celebrated bassist‚Äôs unconventional journey, revealing a new side of Tal as a ‚Äúformidable singer-songwriter‚Äù (Rolling Stone). 'Love Remains' ‚Äúdocuments [Tal‚Äôs] facility as a songwriter and a rich, expressive singer whose voice brings a fluid kind of cohesion‚Äù (Billboard), & critics say the album is ‚Äúoutstanding by all accounts‚Äù (Paste).  With few models of an instrumentalist turned singer-songwriter, Tal has broken extraordinary new ground. As Jackson Browne acknowledged, ‚ÄúI can't think of another instrumentalist that has ventured into the area that Tal now has, when it comes to writing and singing songs from her own experience.‚Äù  Having performed as a bassist with Jeff Beck, Mick Jagger, Prince, The Allman Bros, Herbie Hancock, & many more, Tal‚Äôs experiences playing with the greats has inspired her to hone her craft as an artist in her own right.",0.11782623119543519,0.0955623617470766,25
"music-and-musicians::music-jazz","Music Jazz","UCpF9KnCcZM9KWovxn3TtZ9Q","YYNOT","Progressive Hard Rock Band. Classic Rush and Originals   Adi Argelazi: Vocals Billy Alexander: Guitar/Vocals  Tim Starace: Bass/Bass Pedals/Keys Mike Hetzel: Drums",0.10389449220477885,0.10389449220477885,114
"music-and-musicians::music-jazz","Music Jazz","UCxNZMlrLOGO88BnFwNYgEEA","Bobby Bass","Hey! I'm Bobby Bass, a musician who's passionate about music and loves to create unique and creative arrangements. I'm grateful to be a part of several music groups, including ""The Bass Gang"", ""The Wellermen,"" and ""Pitch Slapped"", and I'm always excited to share my music with my viewers. My bass voice is just one of the many instruments I use to bring my music to life, and I'm grateful for the opportunity to share my love of music with others.",0.17454515946359095,0.1309337004328193,203
"music-and-musicians::music-jazz","Music Jazz","UCbd-QOxzNKQifQfSuaH5I0A","JackConteExtras","I'm Jack! CEO of Patreon, half of Pomplamoose and half of Scary Pockets. I'm currently experimenting with this channel, posting tips, ideas for creators, ways to help you build your Patreon membership, how to build a following, and stories about creators.   Dead Wax | Nerdy conversations about music https://www.youtube.com/DeadWaxShow  Pomplamoose | My band with my wife https://www.youtube.com/pomplamoosemusic  Scary Pockets | My funk band with my best friend https://www.youtube.com/scarypockets  And my solo music https://www.youtube.com/user/jackcontemusic",0.15955289491216118,0.10694010739644592,164
"music-and-musicians::music-jazz","Music Jazz","UC-9-kyTW8ZkZNDHQJ6FgpwQ","Music","Visit the YouTube Music Channel to find today‚Äôs top talent, featured artists, and playlists. Subscribe to see the latest in the music world. This channel was generated automatically by YouTube's video discovery system.",0.19712195583386066,0.12370101796096551,0
"music-and-musicians::music-jazz","Music Jazz","UCV-gQcOtKcxOPaPk1MVe4jQ","Music Shed","",0.15456008882846078,0.1148132959060944,557
"music-and-musicians::music-jazz","Music Jazz","UCB81DRhPwVoUQcVNp3dBIXQ","The Graystones","We're The Graystones and we love music. We hope to share our journey as we improve as musicians, performers and song writers.   My name is Grayson and I started the band with my best friend, Max (bass player) when we were 10. We LOVE 70s and 80s music but we also do more current songs. We love lots of different styles of music :)  We go to school, do sports, climb trees and run around. But music is what we're most passionate about and we work really hard and spend a lot of time every week learning songs and getting better as musicians.   We will continue to get better and we would be honored if you would continue to listen and follow our journey!!!  A few people have asked us to set up links for them to show their appreciation for the music. For them, we have set up the links below. For them and for you all:  we're thrilled that you are enjoying the music!   If you wish to send us mail, our mailing address is PO Box 24021, San Jose, CA. 95154",0.18528497100869168,0.12202506616597067,39
"spirituality-and-philosophy::other-spirituality-&-philosophy","Other (Spirituality & Philosophy)","UCgyvzxg11MtNDfgDQKqlPvQ","AuthenTech - Ben Schmanke","Authentic reviews of Tech = AuthenTech. Exploring innovative and exciting technology.   Business inquiries: yt @ authen.tech   == What is the meaning behind AuthenTech? -Life is congruent with what you believe. -I'm a Christian and my faith is at the center of everything I do. -My hope, joy, and identity is ultimately found in Jesus, not in the things of this world, as fun and cool as this tech can be. -If we're living only for today, there is no purpose to this life. But with eternity at hand, there is something bigger than ourselves, a purpose worth living for!  == Disclosure: As an Amazon Associate I earn from qualifying purchases. Some of the links I use are affiliate links, this means I may receive a small commission at no cost to you.",0.14221956802594277,0.10998605679800964,1151
"education-and-learning::affiliate-university","Affiliate University","UCQbfC3DLce4TYulsmwf2lzQ","Ben Halsall: Final Cut Pro & Adobe Tutorials","I am a videographer, editor, university instructor & teach Final Cut Pro & Adobe workshops across Canada.  Videos are often answers to questions from students, clients & subscribers. Drop me a message to ask yours.  PRIVACY POLICY and FULL DISCLOSURE: ¬∞Ben Halsall is a participant in the Amazon Services LLC Associates Program, an affiliate advertising program designed to provide a means for sites to earn advertising fees  by advertising and linking to amazon.com ¬∞Ben Halsall is a participant in the MotionVFX affiliate program that provides an advertising commission if you purchase through our links.  *Additional affiliate links you may find include BretFX Affiliate Program, Other World Computing Affiliate Program & Envato Pty Ltd Affiliate Program. ¬∞If you purchase something from my affiliate links will get a small commission with no extra cost to you. This makes it possible for us to make more videos. Thank you!  ¬∞We DO NOT collect, store, use, or share any data about you.",0.09495162830879647,0.07485085495073053,631
"education-and-learning::affiliate-university","Affiliate University","UCX_gtN8XsErdLPOUkEPaqiA","Blowout Professor","My Recommended Product List ‚á¢ https://blowoutprofessor.tiny.us/2p827m5j",0.1271447247911306,0.1271447247911306,232
"education-and-learning::affiliate-university","Affiliate University","UCl3lEILSFI3InXa5C__Phug","Cambridge University Cosmology","The Centre for Theoretical Cosmology (CTC) was established by Professor Stephen Hawking in 2007. It exists to advance the scientific understanding of our Universe, taking forward the vision of its founder. It is part of the Department of Applied Mathematics and Theoretical Physics (DAMTP) at the University of Cambridge.  This channel contains videos intended for a popular audience. For more specialist videos, please see the link below.",0.08998808035906063,0.02909625542045733,12
"education-and-learning::affiliate-university","Affiliate University","UCFAsatVhnrL8j7NXVWvK23A","Dr. Leo","Welcome to my channel, where you can watch educational videos on the topics of weight loss and healthy lifestyle.  I achieved my Bachelor in Bioengineering in 2015 at the Norwegian University of Science and Technology, and my Medical Degree in 2019 at the Royal College of Surgeons in Ireland  You can also connect with me on TikTok, Instagram, Facebook @DrLeonardoVenaas",0.09500153853085368,0.02760380012402605,20
"education-and-learning::affiliate-university","Affiliate University","UCIJHwsTJyrH4YznoJxZmJHQ","GR-Research","GR Research began in 1995 as a passion for high quality audio turned business venture. We are driven by a desire for excellence and expect nothing less than to turn the next page in mainstream loudspeaker design.",0.10636158034358684,0.010722144073102138,317
"education-and-learning::affiliate-university","Affiliate University","UC7HOGKjSKzP5PBfmdaAkbQg","Guildhall School of Music & Drama","Guildhall School is a vibrant, international community of musicians, actors and production artists in the heart of the City of London.   Ranked number one in Arts, Drama & Music by the Complete University Guide 2025, one of the top five institutions in the world for Music and Performing Arts in the QS World University Rankings 2024, as well as the number one higher education institution in the Guardian University Guide music league table, we deliver world-class professional training in partnership with distinguished artists, companies and ensembles.  A global leader in creative and professional practice, we promote innovation, experiment and research, and are also one of the UK‚Äôs leading providers of lifelong learning in the performing arts, offering inspiring training for children, young people, adult learners, and creative and business professionals.",0.13567292524924257,0.0631862786394641,234
"education-and-learning::affiliate-university","Affiliate University","UC_fXTGbg6ck3BU6X65e3sag","Kendrick's Gear Journal","In my career as a photographer and video producer, I use and evaluate a lot of gear. I believe in getting the right tools for the job. So on this channel, I like to share my thoughts on some of the gear I use and find interesting enough to share.   I own Vertical River, a video marketing agency in Atlanta, GA. I'm married to the lovely @jen_9thhouse and we love to travel any chance we get. Been shooting photos and videos for 22 years.    You can find me all over the internet as @kendrickdisch.   Subscribe here: https://www.youtube.com/c/Kendricksgearjournal?Sub_confirmation=1  Affiliate Disclosure: Some of the links in the description are affiliate links, which means I may earn a small commission if you make a purchase (at no extra cost to you).  Kendrick‚Äôs Gear Journal is also a participant in the Amazon Services LLC Associates Program, an affiliate advertising program that allows creators to earn fees by linking to Amazon.com and related sites.",0.16063331941646394,0.08851364638423673,190
"food-and-cooking::other-food-&-cooking","Other (Food & Cooking)","UCLv09ZbvDVctHv8zIE1hoTw","Black Tie Kitchen","Welcome to Black Tie Kitchen, where I believe Low-Carb/Keto food should be simple, nutritious, and delicious! Join me as I post create and discover new recipes to make the best Low-Carb & Keto dishes around!   After years of stuffing my face with tortilla chips and pizza because I 'worked out' - I began to constantly feel like crap. My genetic predisposition to diabetes and general 'feeling' meant it was time to get serious about my diet and embark on the adventure of eating low-carb. I aim to make food that is fit for 'foodies' like myself - but don't get me wrong, I still have pizza every so often...  If you want to reach out to me - find my on Instagram, Facebook, and Twitter!",0.11805469073231245,0.08614688448949126,188
"food-and-cooking::other-food-&-cooking","Other (Food & Cooking)","UCFCDEaQC9NqzYDTxwTejlDg","Butcher Wizard","The Butcher Wizard Channel focuses on showing viewers how to butcher large cuts of meat so that they can save money and make better meals.  The channel not only has videos about butchery but also recipe videos that follow using the cut of meat that we worked on.  I am a classically trained chef and have also worked as a butcher.  This channel combines my love of cooking and my love of meat butchery.  I hope you enjoy.  If you are a brand wanting to advertise on the channel please email here:  rishab@smallscreenmarketing.com",0.11971004431621765,0.1081801967869147,157
"news-and-commentary::news-politics","News Politics","UCQANb2YPwAtK-IQJrLaaUFw","Brian Tyler Cohen","Brian Tyler Cohen is one of the most viewed independent progressive political hosts on YouTube. Subscribe for daily breaking news clips followed by in-depth commentary; interviews with top figures (including President Biden, Kamala Harris, Bernie Sanders, AOC, Elizabeth Warren, Jamie Raskin, Pete Buttigieg, Mark Cuban, Jen Psaki, Rachel Maddow, Nancy Pelosi, and many more); weekly video podcasts for a deep-dive into the week's most important stories; legal analysis on ""The Legal Breakdown"" with Glenn Kirschner and voting rights news on ""Democracy Watch"" with Marc Elias; and livestreams of major events, from debates to election results.   In just a few minutes a day, Brian's videos will keep you informed on what's going on, why it's important, and how it affects you-- always in a way that you can understand. The goal of this channel is to give a clear, concise, honest, and entertaining look at what's happening in the US right now, because politics should be accessible to everyone.",0.15608530083682862,0.1344281443282214,5929
"news-and-commentary::news-politics","News Politics","UCknLrEdhRCp1aegoMqRaCZg","DW News","Journalism that‚Äôs Made for Minds. Follow us for global news and analysis from the heart of Europe. DW News delivers the world's breaking news while going deep beneath the surface of what's going on. Correspondents on the ground and in the studio provide their detailed analysis and insights on issues that affect our viewers.   Deutsche Welle is Germany‚Äôs international broadcaster, producing content in 30 languages. We independently report social, political and economic developments in Germany and Europe, incorporating both German and other perspectives. DW hopes to promote understanding between different cultures and peoples.   While funded by the German government, the work of DW is regulated by the Deutsche Welle Act (http://p.dw.com/p/17MtP), meaning content is always independent of government influence.   We ask that you please keep comments and discussions on this channel clean and respectful. For further information please click the 'DW Netiquette' link below.",0.19391519588648923,0.1610515359535255,42368
"news-and-commentary::news-politics","News Politics","UCFQgi22Ht00CpaOQLtvZx2A","ITV News","ITV News has been providing trusted and impartial news for more than 60 years. On our YouTube channel you'll find the best of our journalism from the UK and around the world.   Subscribe to stay up-to-date with reports on the top news stories, explainers and analysis from our team of specialist correspondents to help you make sense of what‚Äôs happening, and watch must-see interviews and videos.",0.14768607549313936,0.09392104574253297,25206
"news-and-commentary::news-politics","News Politics","UC9r9HYFxEQOBXSopFS61ZWg","MeidasTouch","The fastest growing independent news network in the world. We cover breaking news, politics, law and more. We are unapologetically pro-democracy. Because TRUTH is golden.",0.18379533906615825,0.18379533906615825,18421
"news-and-commentary::news-politics","News Politics","UCaXkIU1QidjPwiAYu6GcHjg","MSNBC","The official MSNBC YouTube Channel. MSNBC is the premier destination for in-depth analysis of the news, insightful political commentary and diverse perspectives.",0.093886267708045,0.0422761043532103,103518
"news-and-commentary::news-politics","News Politics","UCbU6Rve0XMNZ2a2yaYgjlTA","Pondering Politics","I'm Jessiah, an American politics geek who wants to see more progressive policy, a more ruthless Democratic Party, and the defeat of Trump's authoritarianism.",0.1517260147845172,0.1517260147845172,3142
"news-and-commentary::news-politics","News Politics","UCpJ7ZS8hK-IOeciv952Xhug","Really American","Grassroots independent news network covering breaking news, current events, politics, and culture. Join our Really American Resistance as we fight to take back our Democracy.  Our videos were seen over 100 million times in 2020, and featured in MSNBC, CNN, NewsWeek, Fox News and more. Subscirbe to our channel to get the latest breking news, videos, memes, and more!",0.19194631995699937,0.15756176442211217,3362
"news-and-commentary::news-politics","News Politics","UCU-dblTpSJE0KkvHnj323LA","Space SPAN (Space Policy and News)","Space policy and politics.  Visit our blog at www.spaceksc.com.",0.19722665630216066,0.07132486867922258,893
"news-and-commentary::news-politics","News Politics","UCG4Hp1KbGw4e02N7FpPXDgQ","The Bulwark","The Bulwark was founded to provide analysis and reporting in defense of America‚Äôs liberal democracy.  That‚Äôs it. That‚Äôs the mission.  On this page you will find news analysis, political hot takes, interviews with experts, and in-depth long-form discussions on the issues that matter from our team. Featuring: Sarah Longwell, Tim Miller, Bill Kristol, Jonathan V. Last, Sam Stein, Mona Charen and George Conway.  No both sidesism. No BS. Just giving you the unvarnished truth as we see it - right into your veins.",0.0871540306016621,0.047989904508780455,7380
"news-and-commentary::news-politics","News Politics","UCGB-czkAt6nLd3UrQ1eD0uw","The Chris Cuomo Project","The Chris Cuomo Project is the official podcast of award-winning veteran broadcast journalist Chris Cuomo. Chris‚Äô independent voice provides listeners with an up-close view of politics, global affairs, and American culture from a vantage point uniquely shaped by decades of insider experience.¬†  Every Tuesday, Chris presents his signature take on today‚Äôs pressing current events ‚Äî and explores how these stories are being covered by all sides of the media ‚Äî through in-depth interviews with newsmakers, tastemakers, and other influential figures.  On Thursdays, Chris shares insights into subjects that deeply matter to him personally, and answers YouTube comments and listener phone calls.   Free from the constraints of a traditional media organization, The Chris Cuomo Project is home to independents, free agents, and those who don‚Äôt fit nicely on one side or the other.   Let‚Äôs get after it.",0.08087040962253517,0.028897320956976925,551
"news-and-commentary::news-politics","News Politics","UC-8ywcgWTF2gMiPtrycZIcw","Time Bomb","Welcome to timeBomb! If there's a water crisis impacting the U.S., I'm here to tell you the inside story.  Having retired as an engineer, I am passionate about water management. My goal is to produce fact-based, data driven videos to both educate and entertain. The videos I make often talk about government policy, but I do my best to avoid partisan politics. I appreciate you watching, if you like my videos please consider subscribing to the channel. Thanks!",0.11874076343038495,0.08325491070328858,62
"news-and-commentary::news-politics","News Politics","UCOWF2oK605qOVfkCy3we32g","BFBS Forces News","Welcome to Forces News!  If you enjoy our videos don‚Äôt forget to give them a like üëç and subscribe to our YouTube channel with your notifications on! üîî   üì± Find us on social media as ‚ÄòForces News‚Äô.",0.16494650939199512,0.05658195549051882,7475
"news-and-commentary::news-politics","News Politics","UCJgZJZZbnLFPr5GJdCuIwpA","Legal AF","Welcome to the Legal AF channel where, as part of the MeidasTouch Network, we curate breaking news stories combined with in-depth analysis and interviews, and package it in an informative yet entertaining way to allow our audience to make sense of it all. The Legal AF channel is led by its executive producer, Michael Popok, co-founder of the Legal AF podcast, a renowned national trial lawyer and one of the most viewed content creators on YouTube with over 40 million views a month.",0.16281857946550676,0.1263591424560981,3105
"news-and-commentary::news-politics","News Politics","UC_gUM8rL-Lrg6O3adPW9K1g","WION","WION -The World is One News, examines global issues with in-depth analysis. We provide much more than the news of the day. Our aim to empower people to explore their world. With our Global headquarters in New Delhi, we bring you news on the hour, by the hour. We deliver information that is not biased. We are journalists who are neutral to the core and non-partisan when it comes to the politics of the world. People are tired of biased reportage and we stand for a globalised united world. So for us the World is truly One.",0.165812474952263,0.11013626486270597,233813
"diy-and-making::construction-repair","Construction Repair","UCZRp6-Xvzo_dBFvt9L7y3Qw","Build Great Products","Helping you go from big idea to profitable app with AI. üöÄ  For the last 15 years I've been designing digital products and advising startups on design and I want to help you build the next big app with AI. Welcome to the Build Great Products YouTube Channel with Chris Ashby (Agency founder, startup advisor and ex-product designer). The next wave of incredible companies are built with AI at their core. What will you build?",0.08883260278171796,0.030983885145390133,212
"diy-and-making::construction-repair","Construction Repair","UC9xpl8LyFRsKXASGHBBj_xQ","Building Integrity","Building Integrity is an educational channel covering current events and lessons in the engineering and construction industry.  The purpose of Building Integrity is to elevate the practice of construction throughout the industry by educating the general public and contractors alike. We trust you will find our videos as entertaining as they are informative.",0.08020192252678493,0.026474988877233666,63
"diy-and-making::construction-repair","Construction Repair","UCBB0oz7Yo_35gnbPYGKGJTA","Diesel Creek","HEAVY EQUIPMENT REVIVAL - REPAIR - RESTORATION - CONSTRUCTION",0.14253241892301705,0.07805278631071971,387
"diy-and-making::construction-repair","Construction Repair","UCEAY1udDi0HBnu7BbxDsJUg","DIY PETE","Interested in Sponsorships, Reviews, or working together? Please send all inquiries to:  diypete@influint.co  I have some of the most in-depth video tutorials on how to build concrete tables, wood tables, and basic welding and plasma cutting projects. Some of the most popular videos on the channel include the farmhouse dining table, concrete patio table with LED lights, and the whiskey barrel coffee table. Tune in every Thursday for weekly DIY Video Updates! The DIY PETE channel is a resource to inspire and help fellow Do it Yourselfers. The videos are created for DIY'ers who are looking for new ideas and tutorials on how to build fun projects out of wood, metal, and concrete.   If you find the video tutorials, reviews, and Vlogs helpful please subscribe! Thanks for checking out the DIY PETE channel and cheers from Montana. - Pete   Mailing Address DIYPETE.com 1627 W Main Street Suite 182 Bozeman, Montana 59715",0.10252989308247401,0.07274371879610955,163
"diy-and-making::construction-repair","Construction Repair","UCpJ1vJPFqImom-NN2fkBS0A","HouseImprovements","I produce how-to DIY home improvement videos to help people of all skill levels. I've been a professional in the construction industry for decades and share my knowledge with you to empower DIYers.",0.19109973648876594,0.15283352650606324,484
"diy-and-making::construction-repair","Construction Repair","UCQhuXR2O6MpsCHfByBiF10Q","Pavement Repair Products Co.","The FASTPATCH line of products gives you the tools to repair concrete spalls, break-outs or voids in everything from airport runways, busy highways and roadways, to warehouse buildings, parking lots and sidewalks, and more. With each of these products you will experience excellent adhesion to concrete and an impressive cure rate that allows the repaired area to be open for use in as little as one hour! Need to repair asphalt? FASTPATCH has you covered with many solutions specifically engineered for durable long-lasting pothole repair and general asphalt repair.",0.18820461389582135,0.03391337935235683,7
"diy-and-making::construction-repair","Construction Repair","UCtrdEiQnaRrmseXgggjt3Dw","Plaid Crafts","We are makers of FolkArt Paint, Mod Podge, Apple Barrel Paint,  Bucilla & more! Connect with us across social media (@PlaidCrafts) for craft inspiration, discover DIY ideas, and chances to win Plaid goodies! Don‚Äôt forget to tag #PlaidCrafts to share your work with us!  For craft projects and craft product information visit: http://www.plaidonline.com",0.15189114326053368,0.04607751831451887,1883
"diy-and-making::construction-repair","Construction Repair","UCQGv_dy-oLeu5SSgz2_8i8w","Project Diaries","Welcome to Project Diaries! ‚Äã Project Diaries is an ever growing Gardening Community and information Youtube Channel based on projects I've done or have been interested in doing as Hobbies using free, very cheap or recycled materials. I also make tutorials on How-to harvest seeds from food waste and grow many things from start to finish. This Channel started after I built a Potting Shed for my Grandad using 100% FREE reclaimed and salvaged materials. Unfortunately he suffered a Stroke during the making of that build so I have taken it upon myself to create a Garden he'd always dreamt of. ‚Äã ‚ÄãWith no previous training or trying these projects before. I'm basically using a little Common Sense and Learning as I go, so come on this Journey with me and Subscribe today.  ‚ñ∫ Amazon Store: https://www.amazon.com/shop/projectdiaries ‚ñ∫ Paypal Donations: https://www.paypal.me/projectdiaries ‚ñ∫ Patreon: https://www.patreon.com/projectdiaries  ENJOY!! & THANKS FOR DROPPING BY.",0.08597040947344337,0.06726189250078186,136
"diy-and-making::construction-repair","Construction Repair","UC2rzsm1Qi6N1X-wuOg_p0Ng","Project Farm","I test all sorts of things, from tools to automotive products, to help viewers make informed purchasing decisions and to avoid getting ripped off.  Also, I have awesome Patreon supporters, which allows me to decline all sponsorships and promotional items from manufacturers and to offer the most unbiased reviews you'll find anywhere.  Please watch a couple of videos and consider subscribing.      Thank you and best regards,  Todd Project Farm, LLC",0.09156227297732816,0.03833655788020172,481
"diy-and-making::construction-repair","Construction Repair","UC6n8I1UDTKP1IWjQMg6_TwA","The B1M","We love construction and we want the whole world to love it too!   Hosted by Fred Mills, The B1M is the world‚Äôs largest, most subscribed-to (and best) video channel for construction. We bring you new videos on Wednesdays at 3pm UK // 10am Eastern.  Our mission is to fundamentally change the perception of construction on planet Earth, attracting more people to work in this incredible industry.",0.1268663363605976,0.08095996024219565,767
"home-and-garden::garden-gardening","Garden Gardening","UCNWb1R70xnomfDf6Iu0uZ2Q","Burkland Gardens","Burkland Gardens is a plant nursery in Washington state specializing in dwarf and unusual conifers owned by Travis and Jessi McNeal. Travis' father, Gil McNeal, is our grower and nursery manager and previously owned and operated Perennial Lawn and Garden, a landscaping company that served the greater Seattle area for more than 20 years.  We offer a wide variety of dwarf conifers in our online store and by appointment. You can shop online at the link below, or contact Gil gil@burklandgardens.com or to schedule an appointment. Sign up for our newsletter to be notified when we offer plants available for online purchase: https://www.burklandgardens.com/  We also invite you to follow along with us on Instagram and Facebook:  https://www.instagram.com/burklandgardens/ https://www.facebook.com/burklandgardens/",0.11285705031737538,0.09270171295076973,94
"home-and-garden::garden-gardening","Garden Gardening","UCARXOI1UlItgIevoI5jZViQ","CaliKim29 Garden & Home DIY","If you're looking to grow fresh, organic food in simple and cost-effective ways, CaliKim is your go-to guide for all things gardening!  Whether you're a beginner or a seasoned gardener, regardess of your location, or the size of your gardening space, CaliKim is passionate about helping you grow a thriving garden.  Together with her husband, Jerry (aka CameraGuy), CaliKim co-owns CaliKim Garden and Home DIY, Inc., a family business committed to empowering individuals worldwide to grow their own food. With experience managing a busy online seed and garden shop (calikimgardenandhome.com), creating engaging garden content, and authoring two garden books, ‚ÄúOrganic Gardening for Everyone‚Äù and ‚ÄúThe First-Time Gardener: Raised Bed Gardening,‚Äù CaliKim will help you seamlessly integrate growing your own food into your busy life.  Join CaliKim and CameraGuy to discover how to make gardening easy, affordable, and fun!  As an Amazon Associate I earn from qualifying purchases.",0.10074778104680494,0.058262176079888144,1840
"home-and-garden::garden-gardening","Garden Gardening","UC_kg1A_YPAa66hZWq7VPg7Q","Garden Answer","Garden Answer | Fun DIY and Garden Videos   www.youtube.com/gardenanswer www.facebook.com/gardenanswer Twitter @gardenanswer contact@gardenanswer.com",0.09263631792863468,0.06723980793184411,2642
"home-and-garden::garden-gardening","Garden Gardening","UCptL6_qMImyW_yZwiMjQdpg","Gary Pilarchik (The Rusted Garden)","This is a 'Teaching Channel' that is dedicated to vegetable gardening and growing food. Use the timestamps to navigate quickly  through longer videos.  However, I typically make short and to the point educational videos. My goal is to quickly get you the information you seek, to help you have a better experience in your gardens. I cover all aspects of vegetable gardening includeing seed starting, planting, tending & care,  pest & disease management, harvesting, cooking, and constructing trellises & other garden projects. I have over 2000 garden videos to help you grow food and become more successful in your gardens. Keyword search the vegetable garden topic that interests you most, if you don't see a video!  Check out my seed and garden shop at http://www.therustedgarden.com. And thanks for giving The Rusted Garden a chance to share with you!",0.09765020584501077,0.04124480868589844,2162
"home-and-garden::garden-gardening","Garden Gardening","UC9r61qohBg1qgGty4_WzojA","GrowVeg","We're passionate organic gardeners who love growing our own food and helping others. We produce the very best vegetable garden planning apps and garden layout software to help you get the most from your garden.  Use the links below or contact us if you have any questions...",0.09146562458558422,0.05921033488575861,561
"home-and-garden::garden-gardening","Garden Gardening","UCxv1rK6prSp2aoNqNyxD_Vg","Nick Page","Landscape photography vlogs, gear and tutorials.",0.09347864633301863,0.09347864633301863,279
"home-and-garden::garden-gardening","Garden Gardening","UCWsI0LmiDyezbnN2JCL4P9w","Gardener Scott","The Gardener Scott channel offers thorough videos that show how to garden, explanations of why it works, gardening philosophy to keep it enjoyable, and demonstrations of all steps in the process. With more than 500 helpful videos, new videos coming regularly, and a gardening Q&A livestream on Mondays at 9:00am MST, there is something for every gardener. From my Zone 5b Colorado garden, you'll find new and expansive gardening knowledge regardless of your gardening skill level and where you live. Everything gardening so you can become a better gardener. Enjoy it all by subscribing now.",0.19142363575081683,0.07087189056008796,870
"home-and-garden::garden-gardening","Garden Gardening","UCnPPpuLBjQZYC6M2BDxd0Ew","Gardening Products Review","Honest, unbiased reviews of a wide range of gardening products. If it's used in the garden, we review it!  We show you the good, the bad and the ugly for   - all kinds of power tools (from mowers, blowers, and string trimmers to chainsaws and tillers),  - hand tools (like pruning shears, loppers and shovels) and  - a huge variety of other gardening items (such as sprinklers and hose nozzles).   Plus, new how-to videos each month covering common yard and garden tasks and gardening tips.   - Want to know how to sharpen pruner blades?  - Repair a busted hose?  - Germinate seeds indoors and get them ready for planting outside?   Then look no further - it's all right here!  Whether you garden on a tiny balcony or an acre lot, there'll be something here to help you choose the best tools for your needs and get the most out of your gardening space.  Subscribe today!  And for written reviews, visit https://gardeningproductsreview.com",0.20646027943099665,0.07186357234864882,90
"home-and-garden::garden-gardening","Garden Gardening","UC5PA3oLhFbaba-LlbR_xVNg","joegardenerTV","Welcome to joegardenerTV. My passion is organic gardening & growing food. I created this channel to teach you everything you need to know to grow like a pro - no experience required! In fact, I've been teaching people how to garden for over 15 years on TV as the host of 3 national gardening shows ( DIY Network & PBS). My current show - Emmy Award-winning Growing a Greener World is in its 9th season  But my real passion is in teaching people about organic gardening & how to be better, smarter gardeners through short how-to videos like these. No matter where you are in your gardening journey, from an experienced veteran or you're just getting started, if you'd like to grow like a pro, you've come to the right place. I'll be adding new videos every week.   Thanks for stopping by.   Joe Lamp'l (the ""joe"" behind joe gardener).   P.S. Be sure to check out my website link below for lots more how-to gardening info, including my popular organic gardening podcast, The joe gardener Show!",0.19512998316377744,0.09366703431992483,268
"home-and-garden::garden-gardening","Garden Gardening","UCVGVbOl6F5rGF4wSYS6Y5yQ","MIgardener","Welcome to MIgardener!  Learn how to garden easier, smarter, and have more fun gardening! Join me for weekly videos about organic gardening, self-sustainability, homesteading, farming, tips & tricks, healthy recipes and much more. Together, we can grow bigger.   2-3 NEW VIDEOS EACH WEEK  Shop our seed store at http://www.migardener.com  Comments or Questions? Send them to:  contact@migardener.com  Fore more fun, check us out on all our social media streams!  MIgardener Merch Now Available! - https://migardener.com/collections/apparel-1",0.15268496520677932,0.07888370462161713,2312
"home-and-garden::garden-gardening","Garden Gardening","UC9V_-gqJsZNOy4v_HqbRz3w","The Gardening Channel With James Prigioni","Gardening is my passion, and growing Food Forests is my specialty. I go beyond organic gardening and work with nature rather then against it. Gardening doesn't have to be hard, and you don't have to be a servant to the garden. I can help you too create a gardening system that works with you and for you rather then you working for it. I use No pesticides, No herbicides. No fungicides, No growth hormones, No antibiotics, and No fertilizers. I allow nature to be the teacher and mimic the natural forest model to create an ideal living environment for all living things. I know their aren't a lot of people who are super excited about growing their own food, but at a time when GMO's and pesticide laden foods are causing so many health problems, I am standing in the gap showing others there is a different, and a better way!",0.16740089492615984,0.06907040891127084,707
"reading-and-literature::other-reading-&-literature","Other (Reading & Literature)","UC4QZ_LsYcvcq7qOsOhpAX4A","ColdFusion","Hi, my name is Dagogo Altraide and I create and narrate all the videos on here. This channel aims to let you experience the cutting edge of the world around us in a relaxed atmosphere. Learn the captivating stories about how our world came to be and also learn what's happening in the cutting edge today.  --- New Thinking Book written by Dagogo Altraide --- Learn the stories of those who invented the things we use everyday. This book is rated the 9th best technology history book of all time by Book Authority! Audio Book: https://goo.gl/p8auh3 Get the book on Amazon US: http://bit.ly/NewThinkingbook Amazon India Link: https://goo.gl/qJCC1T Amazon UK link: https://goo.gl/RBxisf Ebook on Google Play: http://bit.ly/NewThinkingGooglePlay  MERCH:  INTERNATIONAL: https://store.coldfusioncollective.com/ AUSTRALIA: https://shop.coldfusioncollective.com/  Contact | *Business ONLY* dagogo@coldfusioncollective.com  Join the fun on instagram:   @ColdFusiontv  Facebook | www.facebook.com/coldfusiontv",0.10843537545627788,0.07220137486049498,542
"reading-and-literature::other-reading-&-literature","Other (Reading & Literature)","UCjvBO4kjuBSYe6Bi3RYQAQA","Mary Kate ""M.K."" Williams","M.K. Williams shares her author journey and short, information-packed videos to help aspiring authors realize their ambitions of self-publishing their first book.   ""You're what? 23? What could you possibly have to say?""  These were the actual words that an author said to me after I asked them for help when I was still an aspiring author. TO. MY. FACE.   Did I let her negative words get me down? At first, yes. But then I dusted myself off, refocused on self-publishing my books, Googled every question I had, learned from some mistakes, and now I have 9 books out under my own name and help aspiring authors like you realize that full title!  If you have a question about writing, self-publishing, or promoting your books please send it to me and I will answer it on my channel. I post new videos every Wednesday and sometimes I post a few extra surprise videos too, so be sure to subscribe!   Thanks for tuning in! Now get back to writing your book! :)",0.11600846614749068,0.10000109778870533,580
"reading-and-literature::other-reading-&-literature","Other (Reading & Literature)","UCxMoaKZtWKFuHGr7LIInOOQ","Nick Stephenson","I'm a USA Today Bestselling author of fiction (thrillers and sci-fi), non-fiction, and I also teach authors how to find their first 10,000 readers. I also run a software company that helps authors build beautiful, conversion-optimised websites.  ^^ If you're looking for a way to age horribly in record time, definitely start a software company...  This channel covers all the fun stuff - how to write a novel (without wanting to drive your head through your desk), how to grow an audience, advertising strategies, and email marketing tips. If your an author - or aspiring author - you'll find something here to help.   If you'd like to get a free 90 minute workshop on ""the three steps of author marketing"" and learn a process to start building your audience by this time next week, head on over here: https://www.yourfirst10kreaders.com/find-10k-readers/",0.2507263655491193,0.19045024358687568,19
"fashion-and-beauty::other-fashion-&-beauty","Other (Fashion & Beauty)","UCRqGBcNkSE1-w9pbh_j7bSw","Daniella Benita","Now taking clients in Doylestown, Pennsylvania! Please check out my website (linked under my channel banner) for location, menu, pricing, and contact information. I can't wait to work with you!    I've loved making videos and home movies since I was very little, and am now sharing my work on YouTube and Instagram as a beauty vlogger. On my channel you can find hair color tutorials, hair styling, salon business tips, and more! Say hi in the comments! I love getting to know my followers!",0.11577765910336452,0.052942398345269745,59
"fashion-and-beauty::other-fashion-&-beauty","Other (Fashion & Beauty)","UCigpI42Fq8aYp6IDIoDSqQQ","Garden Style nw","Sharpen your gardening skills and gain expert advice from Nursery owner, Garden Designer and Horticulturist Debbie Cassidy. Garden Style design advice and the latest tips, tricks and trends to inspire you to get your hands dirty! Loaded with information for the new gardener and the more advanced. Tips on how to plant veggies, flowers, trees and shrubs for big impact! Also how to determine the best placement and design for everlasting beauty and enjoyment. I Can't wait to share my experience and passion for gardening with all of you. Enjoy!",0.1973383715712138,0.07581311210263439,133
"fashion-and-beauty::other-fashion-&-beauty","Other (Fashion & Beauty)","UCKHO2e2sy2wqu1Ch8j7zfrA","Lisa  Life and Style","My name is Lisa & I am the force behind the influential beauty & fashion page previously LisaSz09.  Founded in 2008 as an outlet for my passion for products, LisaSz09 quickly became a place to help others find their Style & Confidence in themselves.   My mission is to help the Over 40 woman find items that make her feel amazing in her own skin. Through testing products & trying on new fashion to create outfits for your everyday life, no matter what that may look like.  I was born & raised in the small (1st) state of Delaware, I grew up as a tomboy who also had a love of taking risks & trying new things. After moving to Maryland in 2001 I spent years working in various forms of marketing careers, however after marrying my husband (Marty) & having my son (MJ) I made the decision to focus my marketing background in to creating online content to help other women. I am now focusing on helping the over 40 woman who is not your typical size 0 find products and fashion they love! Cheers- Lisa",0.231853139803292,0.21723043677027884,2171
"fashion-and-beauty::other-fashion-&-beauty","Other (Fashion & Beauty)","UC15W5y0lGyZD7DNIW_VmnyA","Raiv Creative","We create cinematic, story-driven content entirely with AI ‚Äî no cameras, no sets, just pure creativity powered by technology. From luxury ads to fashion films and brand storytelling, everything you see here is generated using cutting-edge AI tools.",0.1136419096346601,0.05988082645115067,16
"fashion-and-beauty::other-fashion-&-beauty","Other (Fashion & Beauty)","UCJjAIBWeY022ZNj_Cp_6wAw","The Tesla Space","Welcome to the Tesla Space, where we share the latest news, rumors, and insights into all things Tesla, Space X, Elon Musk related and whatever else we think is interesting. You'll be able to find news surrounding all of the Tesla 2024 vehicles including the Model S, Model 3, Model X, Model Y, Roadster, Cybertruck, and Semi!   Get Tesla news and updates sent to your email from our weekly newsletter: https://www.theteslaspace.com",0.08841476235920558,0.02812581961115436,597
"auto-and-vehicles::other-auto-&-vehicles","Other (Auto & Vehicles)","UCNzszbnvQeFzObW0ghk0Ckw","Dave's Garage","Windows History, Windows vs Linux Comparisons, Arduino Project Tutorials, Shop Projects, ESP32 Information, and more in Dave's Garage.  With DIY info and practical step-by-step tutorials.  From hobbyist to engineer, everyone is welcome!",0.13493711674011802,0.08323585018708551,509
"auto-and-vehicles::other-auto-&-vehicles","Other (Auto & Vehicles)","UCpr-NNORb2UQYDD3k-w-OFg","Denys Davydov","Go to https://ground.news/denys for local and global updates on Ukraine.  Every road is a home and every road is the home way. Find your road on road home...  Telegram: t.me/pilotblog",0.17468099867803824,0.12923897116630464,1442
"auto-and-vehicles::other-auto-&-vehicles","Other (Auto & Vehicles)","UCwdVOry0oNF9WIe_3uCfz9Q","Matt's Off Road Recovery","We do off road towing, recoveries, and rescues. We cover beautiful southern Utah, near Zion National park.  We have a unique way to do off road recovery with our Jeep XJ affectionately named, the yellow banana.  We have the infamous Ed with his positive outlook on life.  We treat everyone we meet with respect, and we hope to have a positive impact in your life! Please like, subscribe, and share. Thanks for watching!",0.12301252231951018,0.12301252231951018,978
"health-and-wellness::health-zoe","Health Zoe","UCXnFys9ZXBE0uyDhKHUi-dA","Dr. Andrea Furlan","I am a physician, scientist and professor of Medicine in Toronto, Ontario, Canada.  2022 Toronto's Top Doctor in Pain Management https://streetsoftoronto.com/top-doctors/  This Youtube Channel is for education about the causes, prevention, treatment and management of chronic pain. My specialty is Physical Medicine & Rehabilitation (Physiatry). I did my medical school at the ""Universidade de Sao Paulo (USP)"" in Brazil, and I completed my Ph.D. at the University of Toronto, Canada  Check my scientific publications here: http://bit.ly/Publications_DrFurlan  Disclaimer: Information on this Youtube channel should not be considered as a substitute for advice from a healthcare professional. This Youtube channel is not intended to provide diagnosis, treatment or medical advice. Content provided on this Youtube channel is for informational purposes only. Please consult with a physician or other healthcare professional regarding any medical or health-related diagnosis or treatment options.",0.27707049416430485,0.21124503857114388,660
"health-and-wellness::health-zoe","Health Zoe","UCIe2pR6PE0dae9BunJ38F7w","Dr. Sten Ekberg","Health Channel that focuses on all aspects of Natural Health & Wellness featuring Olympic decathlete & holistic doctor, Dr. Sten Ekberg with Wellness For Life. You'll learn to master holistic health, stay healthy naturally, live longer and have quality of life by learning how the body really works. Dr. Ekberg covers health tips like healthy foods to eat, nutrition, weight loss, healthy keto diet, low carb foods, intermittent fasting, holistic health tips, lower blood pressure, reverse insulin resistance, reduce stress, how to exercise, thyroid issues, brain health, stretches & more  Videos every Friday at 6:15am ET  ‚ñ∂Ô∏è SUBSCRIBE TO MASTER YOUR HEALTH http://bit.ly/2vtLhpK  Dr. Sten Ekberg  ‚Ä¢ Holistic Natural Health Doctor  ‚Ä¢ Education in Nutrition, Neurology, Physiology, Chiropractic & Functional Medicine  ‚Ä¢ Olympic Decathlete, Swedish National Record Holder & NCAA Div I Record Holder in Decathlon  Wellness For Life 3480 Keith Br Rd CummingGA 30041 USA http://www.DrEkberg.com",0.32469362417322817,0.2886914122025365,684
"health-and-wellness::health-zoe","Health Zoe","UCSsAoV6KrfZZ71Kkwb_GWVA","Dr. Susan Hardwick-Smith","Meet Dr. Susan, a renowned Board-Certified Gynecologist and Certified Menopause Practitioner through the Menopause Society (former NAMS), focused on hormone optimization, sexual wellness, and longevity. She's the pioneering force behind the Complete Midlife Wellness Center in Houston, TX, and the best-selling author of ""Sexually Woke."" Tune into her engaging podcast, ""Empowering Midlife Wellness,"" for insightful conversations.  Boasting numerous accolades, including the Texas Super Doctor award and being consistently rated among Houston's top gynecologists, Dr. Susan combines her medical expertise with her passion as an ICF-certified life and leadership coach. Outside the clinic, she's a fitness enthusiast, marathon runner, Ironman triathlete, and mother of three young adults. Join her YouTube channel for empowering wellness strategies designed for midlife and beyond.",0.14602865210105934,0.1061741982744906,326
"health-and-wellness::health-zoe","Health Zoe","UCKvJ_vxZZoN5yeWBU2CVGcQ","Fit Father Project - Fitness For Busy Fathers","We help Dads, and men over 40 lose weight, build muscle, and create lifelong health for themselves and their family!  We've helped tens of thousands of busy dads in over 100 countries get in better shape and better health.  Our team of men's health experts has created some of the best meal plans, workouts, and motivational videos specifically built for you as a busy father in your 40s, 50s, 60s, and beyond!",0.15105140763398164,0.07887352603191802,1026
"health-and-wellness::health-zoe","Health Zoe","UCIma2WOQs1Mz2AuOt6wRSUw","KenDBerryMD","Evidence-Based Nutrition + Ancestral Health  I‚Äôm Dr. Ken Berry, a Board Certified Family Physician, and the Proper Human Diet (PHD) is your roadmap to reclaiming your health. With over 20 years as a family physician, I‚Äôve treated thousands of patients using real, practical advice grounded in research and ancestral wisdom.  No fluff‚Äîjust straightforward guidance on how to use low-carb, keto, carnivore diets and lifestyle changes like intermittent fasting to tackle diabetes, obesity, hormone imbalances, and more.  Download your free PHD guidebook today and start making smarter choices.  üëâ Download Here: https://www.drberry.com/guidebook  What You‚Äôll Learn:  	‚Ä¢	How to lose fat and lower your blood sugar 	‚Ä¢	How to optimize hormones and boost energy 	‚Ä¢	How to implement the PHD for sustainable results  Join the PHD Community for live Q&A sessions, health coach support, and more.  üëâ Join Here: https://www.drberry.com/community",0.20745993682662145,0.1808246446766336,1972
"health-and-wellness::health-zoe","Health Zoe","UCKqf_mRynhJ_o0oGOH4VNvg","Marla Heller, MS, RD, Mediterranean & DASH expert","Marla Heller is a DASH diet expert and the NY Times bestselling author of 5 DASH diet books. Marla's Mission is making the DASH diet easy to understand and easy to follow. The DASH diet is based on the National Institutes of Health research, Dietary Approaches to Stop Hypertension. It is unaffiliated with the seasoning mixes. The DASH diet has been proven to lower blood pressure as well as the first-line hypertension medications, in as little as 14 days. Additional benefits include improving blood lipids (cholesterol and triglycerides). It is associated with lower risk for heart attack, stroke, heart failure, type 2 diabetes, and certain types of cancer. It is also recommended for managing metabolic syndrome through lifestyle changes.",0.12229735135454418,0.11035714502664005,13
"health-and-wellness::health-zoe","Health Zoe","UCqBERDzM6ZcovT1s01kIrVg","Michigan Foot Doctors","Michigan Foot Doctors has a goal of empowering you to find the right doctor or care for your medical problem. All information through these videos is for educational purposes only and is not to be used at home without supervision by a physician. Visit www.michiganfootdoctors.com for more.",0.09574456575048804,0.06927574070858869,1438
"health-and-wellness::health-zoe","Health Zoe","UC00LJoYxVb0T8e5miMBl0EQ","Southwestern Health Resources","Southwestern Health Resources (SWHR) is a national leader in population-based healthcare. Combining the strengths of UT Southwestern Medical Center and Texas Health Resources, we are an integrated, patient-centered network of academic and community physicians, researchers, hospitals and ambulatory facilities that provides the right care at the right place at the right time. We partner with physicians to create a new model of value-based, high-quality, data-driven patient care for everyone in the communities we serve.",0.14619398533456046,0.10684813980797511,14
"health-and-wellness::health-zoe","Health Zoe","UCJASBOyF4Fkd26SIwRhLuZw","Tone and Tighten","Hi - I'm Jared! I am a doctor of physical therapy who specializes in rehabilitating orthopedic (back, neck, shoulder, knee, etc) and postpartum (diastasis recti) conditions. I love being fit, healthy, strong, and active, and hope to help you accomplish your fitness goals. On this channel you'll learn best treatments for common injuries through exercising and stretching, and how to become a fitter, healthier version of yourself. Please consider subscribing!  DISCLAIMER: The content on this channel is NOT medical advice and is intended for general education and demonstration purposes only. This content should not be used to self-diagnose or self-treat any health, medical, or physical condition. You agree to indemnify and hold harmless T&T Digital Media, LLC and its officers for any and all losses, injuries, or damages resulting from any and all claims that arise from your use or misuse of this content. Use of this content is at your sole risk.",0.18945278008454544,0.16405086072848993,708
"health-and-wellness::health-zoe","Health Zoe","UCa09am-cOsC-FSgr_nLkFFA","ZOE","Hit subscribe for the best science-led health & nutrition content",0.18265738416957375,0.09405357685455329,481
"film-and-tv::other-film-&-tv","Other (Film & TV)","UCBHhdnYxvu94yefpeZABY9g","Dream Theater","The official YouTube channel of the US progressive metal band Dream Theater.",0.1633537098062102,0.13823426911223172,310
"film-and-tv::other-film-&-tv","Other (Film & TV)","UC7Y1wd4-c4H2Cl0lAuNvJ-Q","jaybyrdfilms","JayByrd Films is a global leading Aerial Production Company. We specialize in all things drones; including heavylift, aerial lighting, aerial hyper lapses, and are best known for our FPV cinema and one-take fly-throughs. Our team consists of seasoned cinematographers, legendary pilots, amazing producers, world-class editors & sound engineers that push the limits of filmmaking. We create, capture and edit awe-inspiring footage making the most engaging and immersive content in the industry.  Devoted to the art of synthesizing aerial cinematography and audio engineering, JayByrd Films creates dynamic and immersive experiences that push the language and vocabulary of cinema. Our team represents wonderfully talented filmmakers, producing some of the most revolutionary videos from sports to music, commercials to feature films.  Come fly with us!  @JaybyrdFilms on all social media platforms!  Reach out to us at: inquiries@jaybyrdfilms.com",0.12369498035332918,0.029872885498358814,253
"film-and-tv::other-film-&-tv","Other (Film & TV)","UCLRlryMfL8ffxzrtqv0_k_w","KinoCheck.com","KinoCheck ‚Äì Your Ultimate Movie Destination!  Welcome to KinoCheck, your #1 source for the hottest movie news, trailers, and clips! Stay updated with the latest content from over 250 major distributors, including Disney, Warner Bros., Universal, Paramount, Amazon Prime Video, Apple TV+, Sony Pictures, and many more.  Never miss another trailer or movie highlight ‚Äî our dedicated team works around the clock to bring you everything from Hollywood blockbusters to indie gems.  Enjoy weekly movie news roundups, exclusive compilations, and original video essays exploring fascinating movie theories, facts, mistakes, and Easter eggs!  üçø Discover more at https://KinoCheck.com/App and easily find the perfect movie for your next movie night!  Also, don't forget to explore our other channels for more specialized content.  KinoCheck is a registered trademark.",0.16478574868051765,0.12992430845950706,7881
"film-and-tv::other-film-&-tv","Other (Film & TV)","UCM2FoYtC-2PQzMr_gDfQnHg","No Film School","Film, TV, and tech news to help make you a better filmmaker.",0.12761751843234256,0.019718929536037696,792
"film-and-tv::other-film-&-tv","Other (Film & TV)","UCpsHnULJAkwwckxzdmspKDw","sawyerhartman","Learn Photography | Stay Motivated Film Director / Travel Vlogger Making Content For Content Creators!  #photography #film #tutorials #howto #travel Subscribe to get my videos in your Youtube subscription box!  for all business inquires contact Business@Sawyerhartman.com  Twitter/ Instagram / TikTok @Sawyerhartman",0.08072107780901364,0.011467251259305047,622
"sports::other-sports","Other (Sports)","UCDjvi-_c_ffte2LaNaE2j8g","F-22 Demo Team","The official YouTube Channel for the F-22 Raptor Demonstration Team.",0.11834456092806209,0.11834456092806209,43
"sports::other-sports","Other (Sports)","UCnA2IGSh8jOPPiz20oamKzA","Planet Fitness Beginner","For $10 a month and 24/7 access to the gym plus a free trainer anytime you'd like, you'd be crazy not to join Planet Fitness! We're going to show you everything you need to know about joining planet fitness and the basics of working out here. We have videos on all the basics of this gym and similar types of gyms. Please subscribe to our channel. Thank you!",0.14335986770279793,0.02160907945017887,42
"sports::other-sports","Other (Sports)","UC-Qy-4esLdXmO1F6k5kz0Qg","Ripple Training","Founded in 2002, Ripple Training Inc. is an online digital training and content distribution company specializing in software training products and plug-ins for post production professionals. Ripple Training was founded by editor and producer Steve Martin who has over 20 years of experience as an editor, educator, and producer.  We have a passion to help you be creatively successful! Trained over 100,000 students: Whether you‚Äôre a beginner, small business owner who wants to learn how to edit marketing videos like a pro, film editing enthusiast, or a professional video editor who wants to expand their careers, we‚Äôve got the video editing courses for you!   Ripple Training: Trusted Tutorials for Final Cut Pro, DaVinci Resolve, Motion Video Editing Software & More!  You can learn from Industry Experts and engage with tutorials that won‚Äôt waste your time!  Bring your creativity to life with Ripple Training and become more proficient in your editing skills.",0.10225828428101673,0.026275532459132944,1009
"history-and-culture::other-history-&-culture","Other (History & Culture)","UC9MAhZQQd9egwWCxrwSIsJQ","HISTORY","The HISTORY¬Æ Channel, a division of A+E Global Media, is the premier destination for historical storytelling. From best-in-class documentary events, to a signature slate of industry leading nonfiction series and premium fact-based scripted programming, The HISTORY¬Æ Channel serves as the most trustworthy source of informational entertainment in media. The HISTORY¬Æ channel has been named the #1 U.S. TV network in buzz for seven consecutive years by YouGov BrandIndex, and a top favorite TV network by Beta Research Corporation. For a deeper dive, visit history.com or follow @history on Instagram, Twitter, Facebook, and TikTok.",0.12681189238793508,0.07160626780232358,11054
"history-and-culture::other-history-&-culture","Other (History & Culture)","UC88lvyJe7aHZmcvzvubDFRg","Timeline - World History Documentaries","Welcome to Timeline - the home of world history. Every week we'll be bringing you one-off documentaries and series from the world's top broadcasters, including the BBC, Channel 4, Discovery and PBS.   We'll be exploring the mysteries of ancient Egypt, shedding light on the dark ages of medieval Europe and examining the First and Second World Wars.   Subscribe so you don't miss out.  Do you love uncovering the past, exploring historic sites, and venturing to distant lands? Join History Hit today and stream hundreds of exclusive documentaries, with new releases every week. Plus, enjoy ad-free access to our podcast network for even more history every week: https://historyhit.com/subscribe   Timeline is part of the History Hit Network. To get in touch please email owned-enquiries@littledotstudios.com.",0.1425906352116521,0.12223944320804334,1227
"business-and-finance::other-business-&-finance","Other (Business & Finance)","UCru5yi7yq_Y8Q4Ye4eB0r2Q","MHFIN","I make entertaining finance videos with topics ranging from inflation to bitcoin.    Disclaimer: All videos are provided for informational purposes only. Nothing contained herein should be construed as an offer, solicitation, or recommendation to buy or sell any investment or security or to provide you with an investment strategy.",0.1718472742020348,0.11763543475967748,452
"pets-and-animals::other-pets-&-animals","Other (Pets & Animals)","UCejgtTHroWI5sF_2-fuiF4Q","Nature's Always Right","Explore gardening, homesteading, regenerative agriculture, and DIY farming with me, Steven. Follow my journey as I build regenerative farms and visit others worldwide.  Discover natural techniques for growing vegetables, building soil, raising animals, and working in harmony with nature‚ÄîGod‚Äôs perfect system for abundance. üå±üêì  üßëüèº‚Äçüåæ Learn more: naturesalwaysright.com",0.09403591661588225,0.04107807288243303,391
"pets-and-animals::other-pets-&-animals","Other (Pets & Animals)","UCeE3lj6pLX_gCd0Yvns517Q","Ozzy Man Reviews","Reviewing wildlife, sport, WTF viral vids, conducting celeb interviews, and analysing the odd tv show or movie (it all started with GoT in 2014). Bloody tellin' it straight. No bullshit.",0.1116989952473825,0.05420524300420707,1121
"pets-and-animals::other-pets-&-animals","Other (Pets & Animals)","UCxp6k6RQ2oP6EmP0W5_J7-g","RichardTaylorTV","Final Cut Pro, Post Production, Mobile Filmmaking, Tech,  Humor, Small Engine Yard Tools, Animal Rescue, Pop Culture email  Richard@RichardTaylor.TV",0.14137390857707152,0.07535606338497632,1164
"travel-and-places::other-travel-&-places","Other (Travel & Places)","UCaWd5_7JhbQBe4dknZhsHJg","WatchMojo.com","We bring you top 10 lists across a variety of topics, including Music, TV, Film, and Video Games. With 6 or more fresh lists published daily, there‚Äôs always something new to discover. Subscribe for daily updates and explore our extensive collection of videos covering Pop Culture, Celebrities, Movies, Music, TV, Video Games, Politics, News, Comics, and Superheroes.  Dive into our massive library of over 10,000 videos featuring Top 10s, Origins, Biographies, Tips, How-To‚Äôs, Reviews, Commentary, and much more. WatchMojo is your ultimate destination for ranking and celebrating the best of pop culture.  Subscribe Now http://goo.gl/Q2kKrD - Ranking Pop Culture Since 2006!",0.12418754473569123,0.062414874911585434,31041
